Workbook
Name Slicer_Age1: #N/A
Name Slicer_ExerciseAngina1: #N/A
Name Slicer_Sex1: #N/A

Sheet heart
A1: Age | B1: Sex | C1: ChestPainType | D1: RestingBP | E1: Cholesterol | F1: FastingBS | G1: RestingECG | H1: MaxHR | I1: ExerciseAngina | J1: Oldpeak | K1: ST_Slope | L1: HeartDisease
A2: 40 | B2: M | C2: ATA | D2: 140 | E2: 289 | F2: 0 | G2: Normal | H2: 172 | I2: N | J2: 0 | K2: Up | L2: 0
A3: 49 | B3: F | C3: NAP | D3: 160 | E3: 180 | F3: 0 | G3: Normal | H3: 156 | I3: N | J3: 1 | K3: Flat | L3: 1
A4: 37 | B4: M | C4: ATA | D4: 130 | E4: 283 | F4: 0 | G4: ST | H4: 98 | I4: N | J4: 0 | K4: Up | L4: 0
A5: 48 | B5: F | C5: ASY | D5: 138 | E5: 214 | F5: 0 | G5: Normal | H5: 108 | I5: Y | J5: 1.5 | K5: Flat | L5: 1
A6: 54 | B6: M | C6: NAP | D6: 150 | E6: 195 | F6: 0 | G6: Normal | H6: 122 | I6: N | J6: 0 | K6: Up | L6: 0
A7: 39 | B7: M | C7: NAP | D7: 120 | E7: 339 | F7: 0 | G7: Normal | H7: 170 | I7: N | J7: 0 | K7: Up | L7: 0
A8: 45 | B8: F | C8: ATA | D8: 130 | E8: 237 | F8: 0 | G8: Normal | H8: 170 | I8: N | J8: 0 | K8: Up | L8: 0
A9: 54 | B9: M | C9: ATA | D9: 110 | E9: 208 | F9: 0 | G9: Normal | H9: 142 | I9: N | J9: 0 | K9: Up | L9: 0
A10: 37 | B10: M | C10: ASY | D10: 140 | E10: 207 | F10: 0 | G10: Normal | H10: 130 | I10: Y | J10: 1.5 | K10: Flat | L10: 1
A11: 48 | B11: F | C11: ATA | D11: 120 | E11: 284 | F11: 0 | G11: Normal | H11: 120 | I11: N | J11: 0 | K11: Up | L11: 0
A12: 37 | B12: F | C12: NAP | D12: 130 | E12: 211 | F12: 0 | G12: Normal | H12: 142 | I12: N | J12: 0 | K12: Up | L12: 0
A13: 58 | B13: M | C13: ATA | D13: 136 | E13: 164 | F13: 0 | G13: ST | H13: 99 | I13: Y | J13: 2 | K13: Flat | L13: 1
... A919: 38 | B919: M | C919: NAP | D919: 138 | E919: 175 | F919: 0 | G919: Normal | H919: 173 | I919: N | J919: 0 | K919: Up | L919: 0

Sheet EDA Summary
A1: Feature | B1: Min | C1: Max | D1: Mean | E1: Median
A2: Age | B2: =MIN(heart!A2:A919) -> 28 | C2: =MAX(heart[Age]) -> 77 | D2: =AVERAGE(heart[Age]) -> 53.510893 | E2: =MEDIAN(heart[Age]) -> 54
A3: Resting BP | B3: =MIN(heart[RestingBP]) -> 0 | C3: =MAX(heart[RestingBP]) -> 200 | D3: =AVERAGE(heart[RestingBP]) -> 132.39651 | E3: =MEDIAN(heart[RestingBP]) -> 130
A4: Cholesterol | B4: =MIN(heart[Cholesterol]) -> 0 | C4: =MAX(heart[Cholesterol]) -> 603 | D4: =AVERAGE(heart[Cholesterol]) -> 198.79956 | E4: =MEDIAN(heart[Cholesterol]) -> 223
A5: Fasting BS | B5: =MIN(heart[FastingBS]) -> 0 | C5: =MAX(heart[FastingBS]) -> 1 | D5: =AVERAGE(heart[FastingBS]) -> 0.23311547 | E5: =MEDIAN(heart[FastingBS]) -> 0
A6: Max HR | B6: =MIN(heart[MaxHR]) -> 60 | C6: =MAX(heart[MaxHR]) -> 202 | D6: =AVERAGE(heart[MaxHR]) -> 136.80937 | E6: =MEDIAN(heart[MaxHR]) -> 138
A7: Old Peak | B7: =MIN(heart[Oldpeak]) -> -2.6 | C7: =MAX(heart[Oldpeak]) -> 6.2 | D7: =AVERAGE(heart[Oldpeak]) -> 0.88736383 | E7: =MEDIAN(heart[Oldpeak]) -> 0.6
A8: Heart Disease | B8: =MIN(heart[HeartDisease]) -> 0 | C8: =MAX(heart[HeartDisease]) -> 1 | D8: =AVERAGE(heart[HeartDisease]) -> 0.55337691 | E8: =MEDIAN(heart[HeartDisease]) -> 1

Sheet Histograms
A2: Age Bins | B2: Count
A3: 20-29 | B3: =COUNTIFS(heart!A:A,">=20",heart!A:A,"<=29") -> 4
A4: 30-39 | B4: =COUNTIFS(heart!A:A,">=30",heart!A:A,"<=39") -> 76
A5: 40-49 | B5: =COUNTIFS(heart!A:A,">=40",heart!A:A,"<=49") -> 211
A6: 50-59 | B6: =COUNTIFS(heart!A:A,">=50",heart!A:A,"<=59") -> 374
A7: 60-69 | B7: =COUNTIFS(heart!A:A,">=60",heart!A:A,"<=69") -> 222
A8: 70-79 | B8: =COUNTIFS(heart!A:A,">=70",heart!A:A,"<=79") -> 31
A19: Chol Bins | B19: Count
A20: 0-150 | B20: =COUNTIFS(heart!E:E,">=0",heart!E:E,"<=150") -> 192
A21: 150-200 | B21: =COUNTIFS(heart!E:E,">=150",heart!E:E,"<=200") -> 130
A22: 200-250 | B22: =COUNTIFS(heart!E:E,">=200",heart!E:E,"<=250") -> 295
A23: 250-300 | B23: =COUNTIFS(heart!E:E,">=250",heart!E:E,"<=300") -> 207
A24: 300-350 | B24: =COUNTIFS(heart!E:E,">=300",heart!E:E,"<=350") -> 78
A25: 350-400 | B25: =COUNTIFS(heart!E:E,">=350",heart!E:E,"<=400") -> 14
A26: 400-450 | B26: =COUNTIFS(heart!E:E,">=400",heart!E:E,"<=450") -> 5
A27: 450-600 | B27: =COUNTIFS(heart!E:E,">=450",heart!E:E,"<=600") -> 7
A35: HR Bins | B35: Count
A36: 60-80 | B36: =COUNTIFS(heart!H:H,">=60",heart!H:H,"<=80") -> 13
A37: 80-100 | B37: =COUNTIFS(heart!H:H,">=80",heart!H:H,"<=100") -> 74
A38: 100-120 | B38: =COUNTIFS(heart!H:H,">=100",heart!H:H,"<=120") -> 190
A39: 120-140 | B39: =COUNTIFS(heart!H:H,">=120",heart!H:H,"<=140") -> 287
A40: 140-160 | B40: =COUNTIFS(heart!H:H,">=140",heart!H:H,"<=160") -> 271
A41: 160-180 | B41: =COUNTIFS(heart!H:H,">=160",heart!H:H,"<=180") -> 174
A42: 180-200 | B42: =COUNTIFS(heart!H:H,">=180",heart!H:H,"<=200") -> 36
A43: 200-220 | B43: =COUNTIFS(heart!H:H,">=200",heart!H:H,"<=220") -> 1

Sheet Correlation_Data
A1: Age | B1: RestingBP | C1: Cholesterol | D1: FastingBS | E1: MaxHR | F1: Oldpeak | G1: HeartDisease
A2: 40 | B2: 140 | C2: 289 | D2: 0 | E2: 172 | F2: 0 | G2: 0
A3: 49 | B3: 160 | C3: 180 | D3: 0 | E3: 156 | F3: 1 | G3: 1
A4: 37 | B4: 130 | C4: 283 | D4: 0 | E4: 98 | F4: 0 | G4: 0
A5: 48 | B5: 138 | C5: 214 | D5: 0 | E5: 108 | F5: 1.5 | G5: 1
A6: 54 | B6: 150 | C6: 195 | D6: 0 | E6: 122 | F6: 0 | G6: 0
A7: 39 | B7: 120 | C7: 339 | D7: 0 | E7: 170 | F7: 0 | G7: 0
A8: 45 | B8: 130 | C8: 237 | D8: 0 | E8: 170 | F8: 0 | G8: 0
A9: 54 | B9: 110 | C9: 208 | D9: 0 | E9: 142 | F9: 0 | G9: 0
A10: 37 | B10: 140 | C10: 207 | D10: 0 | E10: 130 | F10: 1.5 | G10: 1
A11: 48 | B11: 120 | C11: 284 | D11: 0 | E11: 120 | F11: 0 | G11: 0
A12: 37 | B12: 130 | C12: 211 | D12: 0 | E12: 142 | F12: 0 | G12: 0
A13: 58 | B13: 136 | C13: 164 | D13: 0 | E13: 99 | F13: 2 | G13: 1
... A919: 38 | B919: 138 | C919: 175 | D919: 0 | E919: 173 | F919: 0 | G919: 0

Sheet Correlation_matrix
A1: Column1 | B1: Age | C1: RestingBP | D1: Cholesterol | E1: FastingBS | F1: MaxHR | G1: Oldpeak | H1: HeartDisease
A2: Age | B2: 1
A3: RestingBP | B3: 0.25439936 | C3: 1
A4: Cholesterol | B4: -0.095281771 | C4: 0.10089294 | D4: 1
A5: FastingBS | B5: 0.19803907 | C5: 0.070193336 | D5: -0.26097433 | E5: 1
A6: MaxHR | B6: -0.38204468 | C6: -0.112135 | D6: 0.2357924 | E6: -0.13143849 | F6: 1
A7: Oldpeak | B7: 0.25861154 | C7: 0.16480304 | D7: 0.050148109 | E7: 0.05269786 | F7: -0.16069055 | G7: 1
A8: HeartDisease | B8: 0.28203851 | C8: 0.10758898 | D8: -0.23274064 | E8: 0.26729119 | F8: -0.40042077 | G8: 0.40395072 | H8: 1

Sheet Pivot_Analysis
A3: Overall Heart Disease Distribution | D3: Sex VS Heart Disease Analysis
A4: Row Labels | B4: Count of HeartDisease | D4: Count of HeartDisease | E4: Column Labels
A5: 0 | B5: 410 | D5: Row Labels | E5: 0 | F5: 1 | G5: Grand Total
A6: 1 | B6: 508 | D6: F | E6: 143 | F6: 50 | G6: 193
A7: Grand Total | B7: 918 | D7: M | E7: 267 | F7: 458 | G7: 725
D8: Grand Total | E8: 410 | F8: 508 | G8: 918
A10: ExerciseAngina_Disease_Analysis | F10: Pivot_AgeGroup_Disease
A11: Count of HeartDisease | B11: Column Labels | F11: Count of HeartDisease | G11: Column Labels
A12: Row Labels | B12: 0 | C12: 1 | D12: Grand Total | F12: Row Labels | G12: 0 | H12: 1 | I12: Grand Total
A13: N | B13: 355 | C13: 192 | D13: 547 | F13: 20-29 | G13: 4 | I13: 4
A14: Y | B14: 55 | C14: 316 | D14: 371 | F14: 30-39 | G14: 50 | H14: 26 | I14: 76
A15: Grand Total | B15: 410 | C15: 508 | D15: 918 | F15: 40-49 | G15: 126 | H15: 85 | I15: 211
F16: 50-59 | G16: 162 | H16: 212 | I16: 374
F17: 60-69 | G17: 59 | H17: 163 | I17: 222
F18: 70-80 | G18: 9 | H18: 22 | I18: 31
F19: Grand Total | G19: 410 | H19: 508 | I19: 918
A21: Row Labels | B21: Count of HeartDisease | D21: =B23/B24 -> 0.55337691
A22: 0 | B22: 410 | E22: =GETPIVOTDATA("HeartDisease",$A$21,"HeartDisease",1) -> 508
A23: 1 | B23: 508 | D23: =GETPIVOTDATA("HeartDisease",$A$21) -> 918
A24: Grand Total | B24: 918 | E24: =GETPIVOTDATA("HeartDisease",$A$21,"HeartDisease",0) -> 410

Sheet Dashboard1

Sheet Dashboard2
